lake_name,lake_level,timestamp
High Rock,2.88,Data for hour:6/22/2024 9:00 AM
Tuckertown,0.46,Data for hour:6/22/2024 9:00 AM
Badin (Narrows),1.02,Data for hour:6/22/2024 9:00 AM
Falls,0.82,Data for hour:6/22/2024 9:00 AM
High Rock,2.88,Data for hour:6/22/2024 9:00 AM
Tuckertown,0.46,Data for hour:6/22/2024 9:00 AM
Badin (Narrows),1.02,Data for hour:6/22/2024 9:00 AM
Falls,0.82,Data for hour:6/22/2024 9:00 AM
High Rock,2.88,Data for hour:6/22/2024 9:00 AM
Tuckertown,0.46,Data for hour:6/22/2024 9:00 AM
Badin (Narrows),1.02,Data for hour:6/22/2024 9:00 AM
Falls,0.82,Data for hour:6/22/2024 9:00 AM
High Rock,2.88,Data for hour:6/22/2024 9:00 AM
Tuckertown,0.46,Data for hour:6/22/2024 9:00 AM
Badin (Narrows),1.02,Data for hour:6/22/2024 9:00 AM
Falls,0.82,Data for hour:6/22/2024 9:00 AM
High Rock,2.88,Data for hour:6/22/2024 9:00 AM
Tuckertown,0.46,Data for hour:6/22/2024 9:00 AM
Badin (Narrows),1.02,Data for hour:6/22/2024 9:00 AM
Falls,0.82,Data for hour:6/22/2024 9:00 AM
High Rock,2.88,Data for hour:6/22/2024 9:00 AM
Tuckertown,0.46,Data for hour:6/22/2024 9:00 AM
Badin (Narrows),1.02,Data for hour:6/22/2024 9:00 AM
Falls,0.82,Data for hour:6/22/2024 9:00 AM
High Rock,2.88,Data for hour:6/22/2024 9:00 AM
Tuckertown,0.46,Data for hour:6/22/2024 9:00 AM
Badin (Narrows),1.02,Data for hour:6/22/2024 9:00 AM
Falls,0.82,Data for hour:6/22/2024 9:00 AM
High Rock,2.88,Data for hour:6/22/2024 9:00 AM
Tuckertown,0.46,Data for hour:6/22/2024 9:00 AM
Badin (Narrows),1.02,Data for hour:6/22/2024 9:00 AM
Falls,0.82,Data for hour:6/22/2024 9:00 AM
High Rock,2.88,Data for hour:6/22/2024 9:00 AM
Tuckertown,0.46,Data for hour:6/22/2024 9:00 AM
Badin (Narrows),1.02,Data for hour:6/22/2024 9:00 AM
Falls,0.82,Data for hour:6/22/2024 9:00 AM
High Rock,2.88,Data for hour:6/22/2024 9:00 AM
Tuckertown,0.46,Data for hour:6/22/2024 9:00 AM
Badin (Narrows),1.02,Data for hour:6/22/2024 9:00 AM
Falls,0.82,Data for hour:6/22/2024 9:00 AM
Tuckertown,0.47,Data for hour:6/22/2024 10:00 AM
Badin (Narrows),0.22,Data for hour:6/22/2024 10:00 AM
Falls,0.76,Data for hour:6/22/2024 10:00 AM
High Rock,2.88,Data for hour:6/22/2024 10:00 AM
High Rock,2.84,Data for hour:6/22/2024 11:00 AM
Tuckertown,0.48,Data for hour:6/22/2024 11:00 AM
Badin (Narrows),0.2,Data for hour:6/22/2024 11:00 AM
Falls,0.79,Data for hour:6/22/2024 11:00 AM
High Rock,2.85,Data for hour:6/22/2024 12:00 PM
Tuckertown,0.46,Data for hour:6/22/2024 12:00 PM
Badin (Narrows),0.2,Data for hour:6/22/2024 12:00 PM
Falls,0.77,Data for hour:6/22/2024 12:00 PM
High Rock,2.86,Data for hour:6/22/2024 1:00 PM
Tuckertown,0.46,Data for hour:6/22/2024 1:00 PM
Badin (Narrows),0.22,Data for hour:6/22/2024 1:00 PM
Falls,0.75,Data for hour:6/22/2024 1:00 PM
Tuckertown,0.47,Data for hour:6/22/2024 2:00 PM
Badin (Narrows),0.2,Data for hour:6/22/2024 2:00 PM
Falls,0.76,Data for hour:6/22/2024 2:00 PM
High Rock,2.9,Data for hour:6/22/2024 2:00 PM
High Rock,2.87,Data for hour:6/22/2024 3:00 PM
Tuckertown,0.51,Data for hour:6/22/2024 3:00 PM
Badin (Narrows),0.19,Data for hour:6/22/2024 3:00 PM
Falls,1.11,Data for hour:6/22/2024 3:00 PM
High Rock,2.89,Data for hour:6/22/2024 4:00 PM
Falls,1.04,Data for hour:6/22/2024 4:00 PM
Tuckertown,0.47,Data for hour:6/22/2024 4:00 PM
Badin (Narrows),0.18,Data for hour:6/22/2024 4:00 PM
High Rock,2.95,Data for hour:6/22/2024 5:00 PM
Tuckertown,0.61,Data for hour:6/22/2024 5:00 PM
Badin (Narrows),0.21,Data for hour:6/22/2024 5:00 PM
Falls,0.92,Data for hour:6/22/2024 5:00 PM
High Rock,3.0,Data for hour:6/22/2024 6:00 PM
Tuckertown,0.64,Data for hour:6/22/2024 6:00 PM
Badin (Narrows),0.17,Data for hour:6/22/2024 6:00 PM
Falls,0.93,Data for hour:6/22/2024 6:00 PM
High Rock,3.02,Data for hour:6/22/2024 7:00 PM
Tuckertown,0.7,Data for hour:6/22/2024 7:00 PM
Badin (Narrows),0.18,Data for hour:6/22/2024 7:00 PM
Falls,1.05,Data for hour:6/22/2024 7:00 PM
High Rock,3.06,Data for hour:6/22/2024 8:00 PM
Falls,1.13,Data for hour:6/22/2024 8:00 PM
Tuckertown,0.71,Data for hour:6/22/2024 8:00 PM
Badin (Narrows),0.18,Data for hour:6/22/2024 8:00 PM
High Rock,3.07,Data for hour:6/22/2024 9:00 PM
Tuckertown,0.8,Data for hour:6/22/2024 9:00 PM
Badin (Narrows),1.03,Data for hour:6/22/2024 9:00 PM
Falls,1.11,Data for hour:6/22/2024 9:00 PM
High Rock,3.05,Data for hour:6/22/2024 10:00 PM
Tuckertown,0.66,Data for hour:6/22/2024 10:00 PM
Badin (Narrows),0.2,Data for hour:6/22/2024 10:00 PM
Falls,1.1,Data for hour:6/22/2024 10:00 PM
High Rock,3.03,Data for hour:6/22/2024 10:00 PM
Tuckertown,0.72,Data for hour:6/22/2024 10:00 PM
Badin (Narrows),0.19,Data for hour:6/22/2024 10:00 PM
Falls,1.07,Data for hour:6/22/2024 10:00 PM
High Rock,3.03,Data for hour:6/22/2024 11:00 PM
Falls,1.07,Data for hour:6/22/2024 11:00 PM
Tuckertown,0.8,Data for hour:6/22/2024 11:00 PM
Badin (Narrows),1.03,Data for hour:6/22/2024 11:00 PM
High Rock,3.01,Data for hour:6/23/2024 12:00 AM
Tuckertown,0.76,Data for hour:6/23/2024 12:00 AM
Badin (Narrows),0.19,Data for hour:6/23/2024 12:00 AM
Falls,1.05,Data for hour:6/23/2024 12:00 AM
High Rock,2.99,Data for hour:6/23/2024 1:00 AM
Tuckertown,0.69,Data for hour:6/23/2024 1:00 AM
Badin (Narrows),0.2,Data for hour:6/23/2024 1:00 AM
Falls,1.04,Data for hour:6/23/2024 1:00 AM
High Rock,2.95,Data for hour:6/23/2024 2:00 AM
Tuckertown,0.68,Data for hour:6/23/2024 2:00 AM
Badin (Narrows),0.21,Data for hour:6/23/2024 2:00 AM
Falls,1.03,Data for hour:6/23/2024 2:00 AM
High Rock,2.95,Data for hour:6/23/2024 3:00 AM
Tuckertown,0.71,Data for hour:6/23/2024 3:00 AM
Badin (Narrows),0.2,Data for hour:6/23/2024 3:00 AM
Falls,1.01,Data for hour:6/23/2024 3:00 AM
High Rock,2.94,Data for hour:6/23/2024 4:00 AM
Tuckertown,0.67,Data for hour:6/23/2024 4:00 AM
Badin (Narrows),0.2,Data for hour:6/23/2024 4:00 AM
Falls,0.99,Data for hour:6/23/2024 4:00 AM
High Rock,2.93,Data for hour:6/23/2024 5:00 AM
Tuckertown,0.67,Data for hour:6/23/2024 5:00 AM
Badin (Narrows),0.2,Data for hour:6/23/2024 5:00 AM
Falls,0.99,Data for hour:6/23/2024 5:00 AM
High Rock,2.91,Data for hour:6/23/2024 6:00 AM
Tuckertown,0.68,Data for hour:6/23/2024 6:00 AM
Badin (Narrows),0.2,Data for hour:6/23/2024 6:00 AM
Falls,0.96,Data for hour:6/23/2024 6:00 AM
High Rock,2.89,Data for hour:6/23/2024 7:00 AM
Tuckertown,0.68,Data for hour:6/23/2024 7:00 AM
Badin (Narrows),0.2,Data for hour:6/23/2024 7:00 AM
Falls,0.95,Data for hour:6/23/2024 7:00 AM
High Rock,2.87,Data for hour:6/23/2024 8:00 AM
Tuckertown,0.67,Data for hour:6/23/2024 8:00 AM
Badin (Narrows),0.2,Data for hour:6/23/2024 8:00 AM
Falls,0.95,Data for hour:6/23/2024 8:00 AM
High Rock,2.84,Data for hour:6/23/2024 9:00 AM
Tuckertown,0.69,Data for hour:6/23/2024 9:00 AM
Badin (Narrows),0.2,Data for hour:6/23/2024 9:00 AM
Falls,0.92,Data for hour:6/23/2024 9:00 AM
High Rock,2.84,Data for hour:6/23/2024 10:00 AM
Tuckertown,0.69,Data for hour:6/23/2024 10:00 AM
Badin (Narrows),0.2,Data for hour:6/23/2024 10:00 AM
Falls,0.93,Data for hour:6/23/2024 10:00 AM
High Rock,2.84,Data for hour:6/23/2024 10:00 AM
Tuckertown,0.69,Data for hour:6/23/2024 10:00 AM
Badin (Narrows),0.2,Data for hour:6/23/2024 10:00 AM
Falls,0.93,Data for hour:6/23/2024 10:00 AM
High Rock,2.82,Data for hour:6/23/2024 12:00 PM
Tuckertown,0.67,Data for hour:6/23/2024 12:00 PM
Badin (Narrows),0.18,Data for hour:6/23/2024 12:00 PM
Falls,0.88,Data for hour:6/23/2024 12:00 PM
High Rock,2.81,Data for hour:6/23/2024 1:00 PM
Tuckertown,0.66,Data for hour:6/23/2024 1:00 PM
Badin (Narrows),0.18,Data for hour:6/23/2024 1:00 PM
Falls,0.87,Data for hour:6/23/2024 1:00 PM
High Rock,2.83,Data for hour:6/23/2024 2:00 PM
Tuckertown,0.67,Data for hour:6/23/2024 2:00 PM
Badin (Narrows),0.18,Data for hour:6/23/2024 2:00 PM
Falls,0.9,Data for hour:6/23/2024 2:00 PM
High Rock,2.87,Data for hour:6/23/2024 3:00 PM
Tuckertown,0.76,Data for hour:6/23/2024 3:00 PM
Badin (Narrows),0.2,Data for hour:6/23/2024 3:00 PM
Falls,1.32,Data for hour:6/23/2024 3:00 PM
High Rock,2.87,Data for hour:6/23/2024 4:00 PM
Tuckertown,0.72,Data for hour:6/23/2024 4:00 PM
Badin (Narrows),0.18,Data for hour:6/23/2024 4:00 PM
Falls,1.34,Data for hour:6/23/2024 4:00 PM
High Rock,2.91,Data for hour:6/23/2024 5:00 PM
Tuckertown,0.83,Data for hour:6/23/2024 5:00 PM
Badin (Narrows),0.19,Data for hour:6/23/2024 5:00 PM
Falls,1.16,Data for hour:6/23/2024 5:00 PM
High Rock,2.99,Data for hour:6/23/2024 6:00 PM
Tuckertown,0.87,Data for hour:6/23/2024 6:00 PM
Badin (Narrows),0.15,Data for hour:6/23/2024 6:00 PM
Falls,0.93,Data for hour:6/23/2024 6:00 PM
High Rock,2.99,Data for hour:6/23/2024 7:00 PM
Tuckertown,0.88,Data for hour:6/23/2024 7:00 PM
Badin (Narrows),0.16,Data for hour:6/23/2024 7:00 PM
Falls,1.01,Data for hour:6/23/2024 7:00 PM
High Rock,2.97,Data for hour:6/23/2024 8:00 PM
Badin (Narrows),0.17,Data for hour:6/23/2024 8:00 PM
Falls,1.17,Data for hour:6/23/2024 8:00 PM
Tuckertown,0.85,Data for hour:6/23/2024 8:00 PM
High Rock,3.01,Data for hour:6/23/2024 9:00 PM
Tuckertown,0.96,Data for hour:6/23/2024 9:00 PM
Badin (Narrows),0.19,Data for hour:6/23/2024 9:00 PM
Falls,1.17,Data for hour:6/23/2024 9:00 PM
High Rock,3.01,Data for hour:6/23/2024 10:00 PM
Tuckertown,0.81,Data for hour:6/23/2024 10:00 PM
Badin (Narrows),0.17,Data for hour:6/23/2024 10:00 PM
Falls,1.21,Data for hour:6/23/2024 10:00 PM
High Rock,2.99,Data for hour:6/23/2024 11:00 PM
Tuckertown,0.87,Data for hour:6/23/2024 11:00 PM
Badin (Narrows),0.19,Data for hour:6/23/2024 11:00 PM
Falls,1.19,Data for hour:6/23/2024 11:00 PM
High Rock,2.96,Data for hour:6/24/2024 12:00 AM
Tuckertown,0.9,Data for hour:6/24/2024 12:00 AM
Badin (Narrows),0.16,Data for hour:6/24/2024 12:00 AM
Falls,1.17,Data for hour:6/24/2024 12:00 AM
High Rock,2.94,Data for hour:6/24/2024 1:00 AM
Tuckertown,0.84,Data for hour:6/24/2024 1:00 AM
Badin (Narrows),0.16,Data for hour:6/24/2024 1:00 AM
Falls,1.15,Data for hour:6/24/2024 1:00 AM
High Rock,2.94,Data for hour:6/24/2024 2:00 AM
Tuckertown,0.83,Data for hour:6/24/2024 2:00 AM
Badin (Narrows),0.15,Data for hour:6/24/2024 2:00 AM
Falls,1.16,Data for hour:6/24/2024 2:00 AM
High Rock,2.9,Data for hour:6/24/2024 3:00 AM
Tuckertown,0.86,Data for hour:6/24/2024 3:00 AM
Badin (Narrows),0.14,Data for hour:6/24/2024 3:00 AM
Falls,1.14,Data for hour:6/24/2024 3:00 AM
High Rock,2.89,Data for hour:6/24/2024 4:00 AM
Tuckertown,0.83,Data for hour:6/24/2024 4:00 AM
Badin (Narrows),0.15,Data for hour:6/24/2024 4:00 AM
Falls,1.13,Data for hour:6/24/2024 4:00 AM
High Rock,2.88,Data for hour:6/24/2024 5:00 AM
Tuckertown,0.82,Data for hour:6/24/2024 5:00 AM
Badin (Narrows),0.16,Data for hour:6/24/2024 5:00 AM
Falls,1.12,Data for hour:6/24/2024 5:00 AM
High Rock,2.86,Data for hour:6/24/2024 6:00 AM
Tuckertown,0.83,Data for hour:6/24/2024 6:00 AM
Badin (Narrows),0.17,Data for hour:6/24/2024 6:00 AM
Falls,1.1,Data for hour:6/24/2024 6:00 AM
High Rock,2.85,Data for hour:6/24/2024 7:00 AM
Tuckertown,0.87,Data for hour:6/24/2024 7:00 AM
Badin (Narrows),0.19,Data for hour:6/24/2024 7:00 AM
Falls,1.1,Data for hour:6/24/2024 7:00 AM
High Rock,2.79,Data for hour:6/24/2024 9:00 AM
Tuckertown,0.85,Data for hour:6/24/2024 9:00 AM
Badin (Narrows),0.15,Data for hour:6/24/2024 9:00 AM
Falls,1.08,Data for hour:6/24/2024 9:00 AM
High Rock,2.77,Data for hour:6/24/2024 10:00 AM
Tuckertown,0.84,Data for hour:6/24/2024 10:00 AM
Badin (Narrows),0.16,Data for hour:6/24/2024 10:00 AM
Falls,1.08,Data for hour:6/24/2024 10:00 AM
High Rock,2.76,Data for hour:6/24/2024 11:00 AM
Tuckertown,0.83,Data for hour:6/24/2024 11:00 AM
Badin (Narrows),0.15,Data for hour:6/24/2024 11:00 AM
Falls,1.05,Data for hour:6/24/2024 11:00 AM
High Rock,2.77,Data for hour:6/24/2024 12:00 PM
Tuckertown,0.85,Data for hour:6/24/2024 12:00 PM
Badin (Narrows),0.15,Data for hour:6/24/2024 12:00 PM
Falls,1.12,Data for hour:6/24/2024 12:00 PM
High Rock,2.88,Data for hour:6/24/2024 1:00 PM
Falls,1.42,Data for hour:6/24/2024 1:00 PM
Tuckertown,0.88,Data for hour:6/24/2024 1:00 PM
Badin (Narrows),0.15,Data for hour:6/24/2024 1:00 PM
High Rock,2.86,Data for hour:6/24/2024 2:00 PM
Tuckertown,0.76,Data for hour:6/24/2024 2:00 PM
Falls,1.14,Data for hour:6/24/2024 2:00 PM
Badin (Narrows),0.12,Data for hour:6/24/2024 2:00 PM
High Rock,2.89,Data for hour:6/24/2024 3:00 PM
Tuckertown,0.84,Data for hour:6/24/2024 3:00 PM
Falls,0.85,Data for hour:6/24/2024 3:00 PM
Badin (Narrows),0.15,Data for hour:6/24/2024 3:00 PM
High Rock,2.89,Data for hour:6/24/2024 3:00 PM
Falls,0.85,Data for hour:6/24/2024 3:00 PM
Tuckertown,0.84,Data for hour:6/24/2024 3:00 PM
Badin (Narrows),0.15,Data for hour:6/24/2024 3:00 PM
High Rock,3.0,Data for hour:6/24/2024 5:00 PM
Falls,0.83,Data for hour:6/24/2024 5:00 PM
Tuckertown,0.84,Data for hour:6/24/2024 5:00 PM
Badin (Narrows),0.15,Data for hour:6/24/2024 5:00 PM
High Rock,3.06,Data for hour:6/24/2024 6:00 PM
Tuckertown,0.76,Data for hour:6/24/2024 6:00 PM
Badin (Narrows),0.14,Data for hour:6/24/2024 6:00 PM
Falls,0.75,Data for hour:6/24/2024 6:00 PM
High Rock,3.15,Data for hour:6/24/2024 7:00 PM
Tuckertown,0.76,Data for hour:6/24/2024 7:00 PM
Badin (Narrows),0.15,Data for hour:6/24/2024 7:00 PM
Falls,0.69,Data for hour:6/24/2024 7:00 PM
High Rock,3.2,Data for hour:6/24/2024 8:00 PM
Badin (Narrows),0.18,Data for hour:6/24/2024 8:00 PM
Falls,0.4,Data for hour:6/24/2024 8:00 PM
Tuckertown,0.7,Data for hour:6/24/2024 8:00 PM
High Rock,3.17,Data for hour:6/24/2024 9:00 PM
Tuckertown,0.84,Data for hour:6/24/2024 9:00 PM
Badin (Narrows),0.19,Data for hour:6/24/2024 9:00 PM
Falls,0.6,Data for hour:6/24/2024 9:00 PM
High Rock,3.15,Data for hour:6/24/2024 10:00 PM
Tuckertown,0.64,Data for hour:6/24/2024 10:00 PM
Badin (Narrows),0.18,Data for hour:6/24/2024 10:00 PM
Falls,0.75,Data for hour:6/24/2024 10:00 PM
High Rock,3.14,Data for hour:6/24/2024 11:00 PM
Tuckertown,0.7,Data for hour:6/24/2024 11:00 PM
Badin (Narrows),0.18,Data for hour:6/24/2024 11:00 PM
Falls,0.71,Data for hour:6/24/2024 11:00 PM
High Rock,3.1,Data for hour:6/25/2024 12:00 AM
Tuckertown,0.74,Data for hour:6/25/2024 12:00 AM
Badin (Narrows),0.16,Data for hour:6/25/2024 12:00 AM
Falls,0.71,Data for hour:6/25/2024 12:00 AM
High Rock,3.07,Data for hour:6/25/2024 1:00 AM
Tuckertown,0.67,Data for hour:6/25/2024 1:00 AM
Badin (Narrows),0.18,Data for hour:6/25/2024 1:00 AM
Falls,0.7,Data for hour:6/25/2024 1:00 AM
High Rock,3.05,Data for hour:6/25/2024 2:00 AM
Tuckertown,0.65,Data for hour:6/25/2024 2:00 AM
Badin (Narrows),0.18,Data for hour:6/25/2024 2:00 AM
Falls,0.67,Data for hour:6/25/2024 2:00 AM
High Rock,3.04,Data for hour:6/25/2024 3:00 AM
Tuckertown,0.69,Data for hour:6/25/2024 3:00 AM
Badin (Narrows),0.17,Data for hour:6/25/2024 3:00 AM
Falls,0.67,Data for hour:6/25/2024 3:00 AM
High Rock,3.05,Data for hour:6/25/2024 4:00 AM
Tuckertown,0.66,Data for hour:6/25/2024 4:00 AM
Badin (Narrows),0.16,Data for hour:6/25/2024 4:00 AM
Falls,0.67,Data for hour:6/25/2024 4:00 AM
High Rock,3.03,Data for hour:6/25/2024 5:00 AM
Badin (Narrows),0.16,Data for hour:6/25/2024 5:00 AM
Falls,0.65,Data for hour:6/25/2024 5:00 AM
Tuckertown,0.63,Data for hour:6/25/2024 5:00 AM
High Rock,3.03,Data for hour:6/25/2024 6:00 AM
Tuckertown,0.7,Data for hour:6/25/2024 6:00 AM
Badin (Narrows),0.18,Data for hour:6/25/2024 6:00 AM
Falls,0.65,Data for hour:6/25/2024 6:00 AM
High Rock,3.0,Data for hour:6/25/2024 7:00 AM
Tuckertown,0.69,Data for hour:6/25/2024 7:00 AM
Badin (Narrows),0.18,Data for hour:6/25/2024 7:00 AM
Falls,0.64,Data for hour:6/25/2024 7:00 AM
High Rock,2.99,Data for hour:6/25/2024 8:00 AM
Tuckertown,0.66,Data for hour:6/25/2024 8:00 AM
Badin (Narrows),0.17,Data for hour:6/25/2024 8:00 AM
Falls,0.64,Data for hour:6/25/2024 8:00 AM
High Rock,2.96,Data for hour:6/25/2024 9:00 AM
Tuckertown,0.68,Data for hour:6/25/2024 9:00 AM
Badin (Narrows),0.18,Data for hour:6/25/2024 9:00 AM
Falls,0.61,Data for hour:6/25/2024 9:00 AM
High Rock,2.97,Data for hour:6/25/2024 10:00 AM
Tuckertown,0.68,Data for hour:6/25/2024 10:00 AM
Badin (Narrows),0.16,Data for hour:6/25/2024 10:00 AM
Falls,0.6,Data for hour:6/25/2024 10:00 AM
High Rock,2.96,Data for hour:6/25/2024 11:00 AM
Tuckertown,0.66,Data for hour:6/25/2024 11:00 AM
Badin (Narrows),0.19,Data for hour:6/25/2024 11:00 AM
Falls,0.59,Data for hour:6/25/2024 11:00 AM
High Rock,2.96,Data for hour:6/25/2024 12:00 PM
Tuckertown,0.66,Data for hour:6/25/2024 12:00 PM
Badin (Narrows),0.17,Data for hour:6/25/2024 12:00 PM
Falls,0.59,Data for hour:6/25/2024 12:00 PM
High Rock,2.94,Data for hour:6/25/2024 1:00 PM
Tuckertown,0.67,Data for hour:6/25/2024 1:00 PM
Badin (Narrows),0.18,Data for hour:6/25/2024 1:00 PM
Falls,0.57,Data for hour:6/25/2024 1:00 PM
High Rock,2.92,Data for hour:6/25/2024 2:00 PM
Tuckertown,0.68,Data for hour:6/25/2024 2:00 PM
Badin (Narrows),0.2,Data for hour:6/25/2024 2:00 PM
Falls,0.56,Data for hour:6/25/2024 2:00 PM
High Rock,2.91,Data for hour:6/25/2024 3:00 PM
Tuckertown,0.66,Data for hour:6/25/2024 3:00 PM
Badin (Narrows),0.18,Data for hour:6/25/2024 3:00 PM
Falls,0.62,Data for hour:6/25/2024 3:00 PM
High Rock,3.0,Data for hour:6/25/2024 4:00 PM
Tuckertown,0.76,Data for hour:6/25/2024 4:00 PM
Badin (Narrows),0.17,Data for hour:6/25/2024 4:00 PM
Falls,0.95,Data for hour:6/25/2024 4:00 PM
High Rock,3.0,Data for hour:6/25/2024 5:00 PM
Tuckertown,0.63,Data for hour:6/25/2024 5:00 PM
Badin (Narrows),0.17,Data for hour:6/25/2024 5:00 PM
Falls,0.7,Data for hour:6/25/2024 5:00 PM
High Rock,3.08,Data for hour:6/25/2024 6:00 PM
Tuckertown,0.75,Data for hour:6/25/2024 6:00 PM
Badin (Narrows),0.19,Data for hour:6/25/2024 6:00 PM
Falls,0.7,Data for hour:6/25/2024 6:00 PM
High Rock,3.08,Data for hour:6/25/2024 7:00 PM
Tuckertown,0.71,Data for hour:6/25/2024 7:00 PM
Badin (Narrows),0.15,Data for hour:6/25/2024 7:00 PM
Falls,0.78,Data for hour:6/25/2024 7:00 PM
High Rock,3.14,Data for hour:6/25/2024 8:00 PM
Tuckertown,0.51,Data for hour:6/25/2024 8:00 PM
Badin (Narrows),0.15,Data for hour:6/25/2024 8:00 PM
Falls,0.92,Data for hour:6/25/2024 8:00 PM
High Rock,3.19,Data for hour:6/25/2024 9:00 PM
Tuckertown,0.81,Data for hour:6/25/2024 9:00 PM
Badin (Narrows),0.19,Data for hour:6/25/2024 9:00 PM
Falls,0.85,Data for hour:6/25/2024 9:00 PM
High Rock,3.16,Data for hour:6/25/2024 10:00 PM
Tuckertown,0.61,Data for hour:6/25/2024 10:00 PM
Badin (Narrows),0.18,Data for hour:6/25/2024 10:00 PM
Falls,0.83,Data for hour:6/25/2024 10:00 PM
High Rock,3.11,Data for hour:6/26/2024 12:00 AM
Tuckertown,0.72,Data for hour:6/26/2024 12:00 AM
Badin (Narrows),0.17,Data for hour:6/26/2024 12:00 AM
Falls,0.82,Data for hour:6/26/2024 12:00 AM
High Rock,3.11,Data for hour:6/26/2024 12:00 AM
Tuckertown,0.72,Data for hour:6/26/2024 12:00 AM
Badin (Narrows),0.17,Data for hour:6/26/2024 12:00 AM
Falls,0.82,Data for hour:6/26/2024 12:00 AM
High Rock,3.14,Data for hour:6/26/2024 12:00 AM
Tuckertown,0.51,Data for hour:6/26/2024 12:00 AM
Badin (Narrows),0.15,Data for hour:6/26/2024 12:00 AM
Falls,0.92,Data for hour:6/26/2024 12:00 AM
High Rock,3.11,Data for hour:6/26/2024 12:00 AM
Falls,0.82,Data for hour:6/26/2024 12:00 AM
Tuckertown,0.72,Data for hour:6/26/2024 12:00 AM
Badin (Narrows),0.17,Data for hour:6/26/2024 12:00 AM
High Rock,3.08,Data for hour:6/26/2024 1:00 AM
Tuckertown,0.69,Data for hour:6/26/2024 1:00 AM
Badin (Narrows),0.18,Data for hour:6/26/2024 1:00 AM
Falls,0.82,Data for hour:6/26/2024 1:00 AM
High Rock,3.05,Data for hour:6/26/2024 2:00 AM
Tuckertown,0.63,Data for hour:6/26/2024 2:00 AM
Badin (Narrows),0.17,Data for hour:6/26/2024 2:00 AM
Falls,0.78,Data for hour:6/26/2024 2:00 AM
High Rock,3.05,Data for hour:6/26/2024 3:00 AM
Tuckertown,0.68,Data for hour:6/26/2024 3:00 AM
Badin (Narrows),0.19,Data for hour:6/26/2024 3:00 AM
Falls,0.78,Data for hour:6/26/2024 3:00 AM
High Rock,3.04,Data for hour:6/26/2024 4:00 AM
Tuckertown,0.66,Data for hour:6/26/2024 4:00 AM
Badin (Narrows),0.18,Data for hour:6/26/2024 4:00 AM
Falls,0.77,Data for hour:6/26/2024 4:00 AM
High Rock,3.02,Data for hour:6/26/2024 5:00 AM
Tuckertown,0.61,Data for hour:6/26/2024 5:00 AM
Badin (Narrows),0.18,Data for hour:6/26/2024 5:00 AM
Falls,0.76,Data for hour:6/26/2024 5:00 AM
High Rock,3.03,Data for hour:6/26/2024 6:00 AM
Tuckertown,0.63,Data for hour:6/26/2024 6:00 AM
Badin (Narrows),0.18,Data for hour:6/26/2024 6:00 AM
Falls,0.73,Data for hour:6/26/2024 6:00 AM
High Rock,3.01,Data for hour:6/26/2024 7:00 AM
Tuckertown,0.67,Data for hour:6/26/2024 7:00 AM
Badin (Narrows),0.19,Data for hour:6/26/2024 7:00 AM
Falls,0.74,Data for hour:6/26/2024 7:00 AM
High Rock,3.01,Data for hour:6/26/2024 8:00 AM
Tuckertown,0.62,Data for hour:6/26/2024 8:00 AM
Badin (Narrows),0.17,Data for hour:6/26/2024 8:00 AM
Falls,0.81,Data for hour:6/26/2024 8:00 AM
High Rock,2.97,Data for hour:6/26/2024 9:00 AM
Tuckertown,0.65,Data for hour:6/26/2024 9:00 AM
Badin (Narrows),0.18,Data for hour:6/26/2024 9:00 AM
Falls,0.94,Data for hour:6/26/2024 9:00 AM
High Rock,2.96,Data for hour:6/26/2024 10:00 AM
Tuckertown,0.64,Data for hour:6/26/2024 10:00 AM
Badin (Narrows),0.18,Data for hour:6/26/2024 10:00 AM
Falls,1.07,Data for hour:6/26/2024 10:00 AM
High Rock,2.96,Data for hour:6/26/2024 11:00 AM
Tuckertown,0.62,Data for hour:6/26/2024 11:00 AM
Badin (Narrows),0.19,Data for hour:6/26/2024 11:00 AM
Falls,1.22,Data for hour:6/26/2024 11:00 AM
High Rock,2.92,Data for hour:6/26/2024 12:00 PM
Tuckertown,0.62,Data for hour:6/26/2024 12:00 PM
Badin (Narrows),0.19,Data for hour:6/26/2024 12:00 PM
Falls,1.37,Data for hour:6/26/2024 12:00 PM
High Rock,2.91,Data for hour:6/26/2024 1:00 PM
Tuckertown,0.62,Data for hour:6/26/2024 1:00 PM
Badin (Narrows),0.18,Data for hour:6/26/2024 1:00 PM
Falls,1.51,Data for hour:6/26/2024 1:00 PM
High Rock,2.97,Data for hour:6/26/2024 2:00 PM
Tuckertown,0.78,Data for hour:6/26/2024 2:00 PM
Badin (Narrows),0.2,Data for hour:6/26/2024 2:00 PM
Falls,1.98,Data for hour:6/26/2024 2:00 PM
Tuckertown,0.56,Data for hour:6/26/2024 3:00 PM
Badin (Narrows),0.2,Data for hour:6/26/2024 3:00 PM
High Rock,3.01,Data for hour:6/26/2024 3:00 PM
Falls,1.39,Data for hour:6/26/2024 3:00 PM
High Rock,3.05,Data for hour:6/26/2024 4:00 PM
Tuckertown,0.62,Data for hour:6/26/2024 4:00 PM
Badin (Narrows),0.16,Data for hour:6/26/2024 4:00 PM
Falls,1.45,Data for hour:6/26/2024 4:00 PM
High Rock,3.09,Data for hour:6/26/2024 5:00 PM
Tuckertown,0.59,Data for hour:6/26/2024 5:00 PM
Badin (Narrows),0.15,Data for hour:6/26/2024 5:00 PM
Falls,1.25,Data for hour:6/26/2024 5:00 PM
High Rock,3.13,Data for hour:6/26/2024 6:00 PM
Tuckertown,0.54,Data for hour:6/26/2024 6:00 PM
Badin (Narrows),0.19,Data for hour:6/26/2024 6:00 PM
Falls,1.12,Data for hour:6/26/2024 6:00 PM
High Rock,3.13,Data for hour:6/26/2024 6:00 PM
Tuckertown,0.54,Data for hour:6/26/2024 6:00 PM
Badin (Narrows),0.19,Data for hour:6/26/2024 6:00 PM
Falls,1.12,Data for hour:6/26/2024 6:00 PM
High Rock,3.25,Data for hour:6/26/2024 8:00 PM
Tuckertown,0.33,Data for hour:6/26/2024 8:00 PM
Badin (Narrows),0.16,Data for hour:6/26/2024 8:00 PM
Falls,1.0,Data for hour:6/26/2024 8:00 PM
High Rock,3.28,Data for hour:6/26/2024 9:00 PM
Tuckertown,0.43,Data for hour:6/26/2024 9:00 PM
Badin (Narrows),0.18,Data for hour:6/26/2024 9:00 PM
Falls,1.03,Data for hour:6/26/2024 9:00 PM
High Rock,3.26,Data for hour:6/26/2024 9:00 PM
Tuckertown,0.35,Data for hour:6/26/2024 9:00 PM
High Rock,3.29,Data for hour:6/26/2024 9:00 PM
Tuckertown,0.21,Data for hour:6/26/2024 9:00 PM
Badin (Narrows),0.17,Data for hour:6/26/2024 9:00 PM
Falls,0.92,Data for hour:6/26/2024 9:00 PM
High Rock,3.24,Data for hour:6/26/2024 10:00 PM
Falls,1.03,Data for hour:6/26/2024 10:00 PM
Tuckertown,0.4,Data for hour:6/26/2024 10:00 PM
Badin (Narrows),0.17,Data for hour:6/26/2024 10:00 PM
High Rock,3.21,Data for hour:6/26/2024 11:00 PM
Tuckertown,0.48,Data for hour:6/26/2024 11:00 PM
Badin (Narrows),0.22,Data for hour:6/26/2024 11:00 PM
Falls,0.98,Data for hour:6/26/2024 11:00 PM
High Rock,3.21,Data for hour:6/27/2024 12:00 AM
Tuckertown,0.53,Data for hour:6/27/2024 12:00 AM
Badin (Narrows),0.2,Data for hour:6/27/2024 12:00 AM
Falls,0.94,Data for hour:6/27/2024 12:00 AM
High Rock,3.17,Data for hour:6/27/2024 1:00 AM
Tuckertown,0.43,Data for hour:6/27/2024 1:00 AM
Badin (Narrows),0.2,Data for hour:6/27/2024 1:00 AM
Falls,0.89,Data for hour:6/27/2024 1:00 AM
High Rock,3.17,Data for hour:6/27/2024 2:00 AM
Tuckertown,0.43,Data for hour:6/27/2024 2:00 AM
Badin (Narrows),0.2,Data for hour:6/27/2024 2:00 AM
Falls,0.84,Data for hour:6/27/2024 2:00 AM
High Rock,3.17,Data for hour:6/27/2024 3:00 AM
Tuckertown,0.46,Data for hour:6/27/2024 3:00 AM
Badin (Narrows),0.2,Data for hour:6/27/2024 3:00 AM
Falls,0.81,Data for hour:6/27/2024 3:00 AM
High Rock,3.16,Data for hour:6/27/2024 4:00 AM
Tuckertown,0.42,Data for hour:6/27/2024 4:00 AM
Badin (Narrows),0.2,Data for hour:6/27/2024 4:00 AM
Falls,0.78,Data for hour:6/27/2024 4:00 AM
High Rock,3.16,Data for hour:6/27/2024 5:00 AM
Tuckertown,0.42,Data for hour:6/27/2024 5:00 AM
Badin (Narrows),0.22,Data for hour:6/27/2024 5:00 AM
Falls,0.73,Data for hour:6/27/2024 5:00 AM
High Rock,3.13,Data for hour:6/27/2024 6:00 AM
Tuckertown,0.43,Data for hour:6/27/2024 6:00 AM
Badin (Narrows),0.21,Data for hour:6/27/2024 6:00 AM
Falls,0.74,Data for hour:6/27/2024 6:00 AM
High Rock,3.12,Data for hour:6/27/2024 7:00 AM
Tuckertown,0.43,Data for hour:6/27/2024 7:00 AM
Badin (Narrows),0.21,Data for hour:6/27/2024 7:00 AM
Falls,0.84,Data for hour:6/27/2024 7:00 AM
High Rock,3.08,Data for hour:6/27/2024 9:00 AM
Tuckertown,0.41,Data for hour:6/27/2024 9:00 AM
Badin (Narrows),0.22,Data for hour:6/27/2024 9:00 AM
Falls,1.06,Data for hour:6/27/2024 9:00 AM
High Rock,3.06,Data for hour:6/27/2024 10:00 AM
Tuckertown,0.43,Data for hour:6/27/2024 10:00 AM
Badin (Narrows),0.19,Data for hour:6/27/2024 10:00 AM
Falls,1.13,Data for hour:6/27/2024 10:00 AM
High Rock,3.07,Data for hour:6/27/2024 11:00 AM
Tuckertown,0.4,Data for hour:6/27/2024 11:00 AM
Badin (Narrows),0.21,Data for hour:6/27/2024 11:00 AM
Falls,1.25,Data for hour:6/27/2024 11:00 AM
High Rock,3.08,Data for hour:6/27/2024 12:00 PM
Tuckertown,0.43,Data for hour:6/27/2024 12:00 PM
Badin (Narrows),0.21,Data for hour:6/27/2024 12:00 PM
Falls,1.34,Data for hour:6/27/2024 12:00 PM
High Rock,3.06,Data for hour:6/27/2024 1:00 PM
Tuckertown,0.41,Data for hour:6/27/2024 1:00 PM
Badin (Narrows),0.21,Data for hour:6/27/2024 1:00 PM
Falls,1.45,Data for hour:6/27/2024 1:00 PM
High Rock,3.04,Data for hour:6/27/2024 2:00 PM
Tuckertown,0.44,Data for hour:6/27/2024 2:00 PM
Badin (Narrows),0.21,Data for hour:6/27/2024 2:00 PM
Falls,1.55,Data for hour:6/27/2024 2:00 PM
High Rock,3.03,Data for hour:6/27/2024 3:00 PM
Tuckertown,0.48,Data for hour:6/27/2024 3:00 PM
Badin (Narrows),0.22,Data for hour:6/27/2024 3:00 PM
Falls,1.91,Data for hour:6/27/2024 3:00 PM
